current_shirt_number,firstname,lastname,int_goals,int_caps,main_position,other_position,current_market_value,highest_market_value,highest_market_value_on,date_of_birth,place_of_birth,country_of_birth,height,citizenship,dominant_foot,current_club,joined_on,contract_expiring,last_extension,transfer_history,valuation
#27,Adel,Bettaieb,0,0,Centre-Forward,,€200Th.,€200Th.,"Jun 29, 2022","Jan 28, 1997",Villiers-le-Bel,France,184,"Tunisia,France",right,Ümraniyespor,"Jul 1, 2022","Jun 30, 2023",unknown,"{'season': ['22/23', '19/20', '18/19', '16/17'], 'transfer_date': ['Jul 1, 2022', 'Jul 1, 2019', 'Jul 1, 2018', 'Jul 1, 2016'], 'leaving_club': ['F91 Dudelange', 'UR La Louvière', 'Angers SCO B', 'Angers SCO U19'], 'joining_club': ['Ümraniyespor', 'F91 Dudelange', 'UR La Louvière', 'Angers SCO B'], 'market_value': ['€200Th.', '-', '-', '-'], 'fee': ['free transfer', '?', 'free transfer', '-']}","{'club': ['F91 Dudelange', 'F91 Dudelange', 'F91 Dudelange', 'F91 Dudelange', 'F91 Dudelange', 'F91 Dudelange', 'F91 Dudelange'], 'market_value': ['Є175Th.', 'Є150Th.', 'Є125Th.', 'Є125Th.', 'Є150Th.', 'Є175Th.', 'Є200Th.'], 'age': ['22', '22', '23', '24', '24', '24', '25'], 'date': ['Jul 19', 'Jan 15', 'Jul 21', 'Feb 12', 'Aug 11', 'Jan 15', 'Jun 29'], 'year': ['2019', '2020', '2020', '2021', '2021', '2022', '2022']}"
#9,,Patrick,0,4,Centre-Forward,,€175Th.,€250Th.,"Jun 29, 2021","Dec 13, 1993",Nossa Senhora da Graça - Praia,Cape Verde,190,Cape Verde,right,GD Chaves,"Jul 3, 2021","Jun 30, 2023",unknown,"{'season': ['21/22', '20/21', '19/20', '18/19', '17/18', '16/17'], 'transfer_date': ['Jul 3, 2021', 'Jan 24, 2021', 'Aug 8, 2019', 'Jul 1, 2018', 'Sep 1, 2017', 'Jul 1, 2016'], 'leaving_club': ['Varzim', 'Farense', 'Tondela', 'Felgueiras', 'Oliv. Hospital', 'Boavista Praia'], 'joining_club': ['Chaves', 'Varzim', 'Farense', 'Tondela', 'Felgueiras', 'Oliv. Hospital'], 'market_value': ['€250Th.', '€150Th.', '€200Th.', '-', '-', '-'], 'fee': ['free transfer', '?', '?', 'free transfer', '?', 'free transfer']}","{'club': ['FC Felgueiras 1932', 'CD Tondela', 'CD Tondela', 'CD Tondela', 'SC Farense', 'SC Farense', 'Varzim SC', 'Varzim SC', 'GD Chaves', 'GD Chaves'], 'market_value': ['x2D', 'Є50Th.', 'Є100Th.', 'Є200Th.', 'Є150Th.', 'Є150Th.', 'Є200Th.', 'Є250Th.', 'Є225Th.', 'Є175Th.'], 'age': ['24', '24', '25', '25', '26', '26', '27', '27', '28', '28'], 'date': ['Apr 26', 'Nov 1', 'Jan 11', 'Jun 7', 'Dec 31', 'Aug 17', 'Jan 28', 'Jun 29', 'Apr 1', 'Jun 27'], 'year': ['2018', '2018', '2019', '2019', '2019', '2020', '2021', '2021', '2022', '2022']}"
#15,Oday,Dabbagh,8,22,Centre-Forward,,€500Th.,€700Th.,"Jul 9, 2021","Dec 3, 1998",al-Quds,Palästina,183,Palästina,left,FC Arouca,"Aug 22, 2021","Jun 30, 2023",unknown,"{'season': ['21/22', '20/21', '19/20', '19/20', '15/16'], 'transfer_date': ['Aug 22, 2021', 'Jan 14, 2021', 'Jan 15, 2020', 'Jul 3, 2019', 'Jul 1, 2015'], 'leaving_club': ['Al-Arabi SC', 'Qadsia SC', 'Al-Salmiya SC', 'Al-Quds Hilal', 'Unknown'], 'joining_club': ['Arouca', 'Al-Arabi SC', 'Qadsia SC', 'Al-Salmiya SC', 'Al-Quds Hilal'], 'market_value': ['€700Th.', '€325Th.', '€250Th.', '-', '-'], 'fee': ['free transfer', '?', '?', '?', '?']}","{'club': ['Alx2DSalmiya SC', 'Qadsia SC', 'Qadsia SC', 'Alx2DArabi SC x28Kuwaitx29', 'Alx2DArabi SC x28Kuwaitx29', 'FC Arouca', 'FC Arouca'], 'market_value': ['Є250Th.', 'Є350Th.', 'Є325Th.', 'Є300Th.', 'Є700Th.', 'Є600Th.', 'Є500Th.'], 'age': ['20', '21', '21', '22', '22', '23', '23'], 'date': ['Oct 11', 'Jan 23', 'Apr 8', 'Mar 24', 'Jul 9', 'Dec 23', 'May 31'], 'year': ['2019', '2020', '2020', '2021', '2021', '2021', '2022']}"
#11,Bevic,Moussiti-Oko,0,4,Centre-Forward,,€600Th.,€800Th.,"Jan 6, 2020","Jan 28, 1995",Brazzaville,Congo,184,"Congo,France",right,AC Ajaccio,"Jul 10, 2020","Jun 30, 2023",unknown,"{'season': ['20/21', '19/20', '18/19', '18/19', '17/18', '15/16', '14/15'], 'transfer_date': ['Jul 10, 2020', 'Jul 1, 2019', 'Jun 30, 2019', 'Jan 3, 2019', 'Jul 1, 2017', 'Jul 1, 2015', 'Jul 1, 2014'], 'leaving_club': ['Le Mans FC', 'AC Le Havre', 'Quevilly Rouen', 'AC Le Havre', 'USL Dunkerque', 'US Lesquin', 'LOSC Lille U19'], 'joining_club': ['AC Ajaccio', 'Le Mans FC', 'AC Le Havre', 'Quevilly Rouen', 'AC Le Havre', 'USL Dunkerque', 'US Lesquin'], 'market_value': ['€650Th.', '€400Th.', '€400Th.', '€300Th.', '€275Th.', '-', '-'], 'fee': ['free transfer', '?', 'End of loan', 'loan transfer', 'free transfer', 'free transfer', 'free transfer']}","{'club': ['USL Dunkerque', 'AC Le Havre', 'Quevilly Rouen Mu00E9tropole', 'Quevilly Rouen Mu00E9tropole', 'Le Mans FC', 'Le Mans FC', 'AC Ajaccio', 'AC Ajaccio', 'AC Ajaccio', 'AC Ajaccio', 'AC Ajaccio'], 'market_value': ['Є275Th.', 'Є300Th.', 'Є300Th.', 'Є400Th.', 'Є800Th.', 'Є650Th.', 'Є800Th.', 'Є800Th.', 'Є800Th.', 'Є700Th.', 'Є600Th.'], 'age': ['22', '23', '23', '24', '24', '25', '25', '25', '26', '26', '27'], 'date': ['Feb 20', 'May 16', 'Jan 8', 'Jun 28', 'Jan 6', 'Apr 8', 'Aug 14', 'Nov 11', 'Jun 25', 'Dec 27', 'Jun 2'], 'year': ['2017', '2018', '2019', '2019', '2020', '2020', '2020', '2020', '2021', '2021', '2022']}"
#95,Grejohn,Kyei,1,1,Centre-Forward,,€1.20m,€2.50m,"Jun 23, 2021","Aug 12, 1995",Gonesse,France,187,"France,Ghana",right,Clermont Foot 63,"Jan 31, 2022","Jun 30, 2022",unknown,"{'season': ['21/22', '19/20', '18/19', '18/19', '13/14'], 'transfer_date': ['Jan 31, 2022', 'Aug 23, 2019', 'Jun 30, 2019', 'Aug 29, 2018', 'Apr 14, 2014'], 'leaving_club': ['Servette FC', 'Stade Reims', 'Lens', 'Stade Reims', 'Stade Reims B'], 'joining_club': ['Clermont Foot', 'Servette FC', 'Stade Reims', 'Lens', 'Stade Reims'], 'market_value': ['€1.50m', '€600Th.', '€600Th.', '€1.00m', '-'], 'fee': ['?', '?', 'End of loan', 'loan transfer', '-']}","{'club': ['Stade Reims', 'Stade Reims', 'Stade Reims', 'Stade Reims', 'Stade Reims', 'Stade Reims', 'Stade Reims', 'Stade Reims', 'Stade Reims', 'RC Lens', 'RC Lens', 'Servette FC', 'Servette FC', 'Servette FC', 'Servette FC', 'Servette FC', 'Servette FC', 'Servette FC', 'Servette FC', 'Clermont Foot 63'], 'market_value': ['Є150Th.', 'Є150Th.', 'Є250Th.', 'Є600Th.', 'Є800Th.', 'Є800Th.', 'Є800Th.', 'Є800Th.', 'Є1.00m', 'Є900Th.', 'Є600Th.', 'Є1.00m', 'Є800Th.', 'Є800Th.', 'Є800Th.', 'Є1.50m', 'Є2.50m', 'Є1.50m', 'Є1.50m', 'Є1.20m'], 'age': ['18', '19', '19', '20', '20', '20', '21', '21', '22', '23', '23', '24', '24', '24', '25', '25', '25', '26', '26', '26'], 'date': ['Aug 7', 'Jan 14', 'Jun 6', 'Sep 6', 'Feb 4', 'Jul 13', 'Mar 20', 'Jun 15', 'May 16', 'Jan 8', 'Jun 27', 'Jan 6', 'Apr 8', 'Jul 31', 'Dec 28', 'Apr 15', 'Jun 23', 'Oct 4', 'Jan 3', 'May 30'], 'year': ['2014', '2015', '2015', '2015', '2016', '2016', '2017', '2017', '2018', '2019', '2019', '2020', '2020', '2020', '2020', '2021', '2021', '2021', '2022', '2022']}"
#35,Silvère,Ganvoula,3,18,Centre-Forward,,€600Th.,€2.50m,"Dec 13, 2019","Jun 29, 1996",Brazzaville,Congo,191,Congo,right,VfL Bochum,"Jul 5, 2019","Jun 30, 2023",unknown,"{'season': ['21/22', '21/22', '19/20', '18/19', '18/19', '17/18', '17/18', '16/17', '16/17', '16/17', '16/17', '15/16', '14/15'], 'transfer_date': ['Jun 30, 2022', 'Jan 25, 2022', 'Jul 5, 2019', 'Jun 30, 2019', 'Jul 20, 2018', 'Jan 5, 2018', 'Aug 30, 2017', 'Jun 30, 2017', 'Feb 1, 2017', 'Jan 31, 2017', 'Jul 25, 2016', 'Jul 25, 2015', 'Sep 17, 2014'], 'leaving_club': ['Cercle Brugge', 'VfL Bochum', 'RSC Anderlecht', 'VfL Bochum', 'RSC Anderlecht', 'KV Mechelen', 'RSC Anderlecht', 'KVC Westerlo', 'RSC Anderlecht', 'KVC Westerlo', 'Elazigspor', 'Raja Casablanca', 'Sainte Anne'], 'joining_club': ['VfL Bochum', 'Cercle Brugge', 'VfL Bochum', 'RSC Anderlecht', 'VfL Bochum', 'RSC Anderlecht', 'KV Mechelen', 'RSC Anderlecht', 'KVC Westerlo', 'RSC Anderlecht', 'KVC Westerlo', 'Elazigspor', 'Raja Casablanca'], 'market_value': ['€600Th.', '€800Th.', '€700Th.', '€700Th.', '€1.00m', '€1.20m', '€1.20m', '€1.20m', '€900Th.', '€900Th.', '€400Th.', '€100Th.', '-'], 'fee': ['End of loan', 'loan transfer', '€400Th.', 'End of loan', 'loan transfer', 'End of loan', 'loan transfer', 'End of loan', 'loan transfer', '€1.20m', 'free transfer', '?', '€40Th.']}","{'club': ['Raja Club Athletic', 'Elazigspor', 'Elazigspor', 'KVC Westerlo', 'KVC Westerlo', 'KVC Westerlo', 'KVC Westerlo', 'RSC Anderlecht', 'RSC Anderlecht', 'VfL Bochum', 'VfL Bochum', 'VfL Bochum', 'VfL Bochum', 'VfL Bochum', 'VfL Bochum', 'VfL Bochum', 'VfL Bochum', 'Cercle Brugge '], 'market_value': ['Є100Th.', 'Є100Th.', 'Є400Th.', 'Є500Th.', 'Є900Th.', 'Є1.20m', 'Є1.20m', 'Є1.00m', 'Є1.00m', 'Є750Th.', 'Є700Th.', 'Є1.00m', 'Є2.50m', 'Є2.00m', 'Є1.50m', 'Є1.00m', 'Є800Th.', 'Є600Th.'], 'age': ['19', '19', '20', '20', '20', '20', '20', '21', '21', '22', '22', '23', '23', '23', '24', '24', '25', '25'], 'date': ['Jul 22', 'Jan 4', 'Jul 14', 'Oct 20', 'Jan 21', 'Mar 30', 'Jun 6', 'Jan 9', 'Jun 3', 'Jan 8', 'Jun 12', 'Sep 25', 'Dec 13', 'Apr 8', 'Feb 8', 'Jun 16', 'Dec 22', 'Apr 12'], 'year': ['2015', '2016', '2016', '2016', '2017', '2017', '2017', '2018', '2018', '2019', '2019', '2019', '2019', '2020', '2021', '2021', '2021', '2022']}"
#31,Joel,Voelkerling Persson,0,1,Centre-Forward,,€600Th.,€600Th.,"Jun 23, 2022","Jan 15, 2003",Dalkopinge,Sweden,194,Sweden,right,US Lecce,"Jul 13, 2022","Jun 30, 2027",unknown,"{'season': ['22/23', '21/22', '20/21', '18/19'], 'transfer_date': ['Jul 13, 2022', 'Jul 1, 2021', 'Sep 1, 2020', 'Jan 26, 2019'], 'leaving_club': ['Roma U19', 'Roma U18', 'Roma U17', 'Trelleborg U17'], 'joining_club': ['Lecce', 'Roma U19', 'Roma U18', 'Roma U17'], 'market_value': ['€600Th.', '-', '-', '-'], 'fee': ['€800Th.', '-', '-', '€50Th.']}","{'club': ['Roma Primavera'], 'market_value': ['Є600Th.'], 'age': ['19'], 'date': ['Jun 23'], 'year': ['2022']}"
#44,David,Strelec,7,11,Centre-Forward,,€1.40m,€1.50m,"Oct 14, 2021","Apr 4, 2001",Nové Zámky,Slovakia,185,Slovakia,left,Spezia Calcio,"Aug 31, 2021","Jun 30, 2026",unknown,"{'season': ['21/22', '18/19', '17/18'], 'transfer_date': ['Aug 31, 2021', 'Jul 1, 2018', 'Jul 1, 2017'], 'leaving_club': ['Slo. Bratislava', 'Bratislava U19', 'Slovan B. Yth.'], 'joining_club': ['Spezia Calcio', 'Slo. Bratislava', 'Bratislava U19'], 'market_value': ['€800Th.', '-', '-'], 'fee': ['€1.80m', '-', '-']}","{'club': ['Slovan Bratislava', 'Slovan Bratislava', 'Slovan Bratislava', 'Slovan Bratislava', 'Slovan Bratislava', 'Slovan Bratislava', 'Spezia Calcio', 'Spezia Calcio', 'Spezia Calcio'], 'market_value': ['Є75Th.', 'Є150Th.', 'Є300Th.', 'Є400Th.', 'Є700Th.', 'Є800Th.', 'Є1.50m', 'Є1.50m', 'Є1.40m'], 'age': ['17', '18', '18', '19', '19', '20', '20', '20', '21'], 'date': ['Dec 30', 'Jun 25', 'Dec 15', 'Jul 10', 'Dec 28', 'May 31', 'Oct 14', 'Dec 28', 'Jun 7'], 'year': ['2018', '2019', '2019', '2020', '2020', '2021', '2021', '2021', '2022']}"
#7,Sergio,León,0,0,Centre-Forward,,€1.20m,€5.00m,"Jan 1, 2018","Jan 6, 1989",La Palma del Río,Spain,176,Spain,right,Real Valladolid CF,"Aug 31, 2021","Jun 30, 2024","Jun 7, 2022","{'season': ['21/22', '19/20', '17/18', '16/17', '15/16', '14/15', '14/15', '13/14', '13/14', '13/14', '10/11', '09/10', '08/09'], 'transfer_date': ['Aug 31, 2021', 'Jul 1, 2019', 'Jul 1, 2017', 'Aug 24, 2016', 'Jul 1, 2015', 'Jun 30, 2015', 'Jul 12, 2014', 'Nov 5, 2013', 'Aug 20, 2013', 'Jul 17, 2013', 'Jan 1, 2011', 'Jul 1, 2009', 'Jul 1, 2008'], 'leaving_club': ['Levante', 'Real Betis', 'CA Osasuna', 'Elche CF', 'Elche Ilicitano', 'Llagostera', 'Elche Ilicitano', 'Real Murcia', 'Elche Ilicitano', 'Reus Deportiu', 'Betis B', 'Betis C', 'Betis U19'], 'joining_club': ['Real Valladolid', 'Levante', 'Real Betis', 'CA Osasuna', 'Elche CF', 'Elche Ilicitano', 'Llagostera', 'Elche Ilicitano', 'Real Murcia', 'Elche Ilicitano', 'Reus Deportiu', 'Betis B', 'Betis C'], 'market_value': ['€1.20m', '€3.00m', '€3.50m', '€1.50m', '€400Th.', '€300Th.', '-', '€100Th.', '-', '-', '-', '-', '-'], 'fee': ['free transfer', '€4.00m', '€3.50m', '€1.70m', '-', 'End of loan', 'loan transfer', 'End of loan', 'loan transfer', '€50Th.', 'free transfer', '-', '-']}","{'club': ['Real Murcia CF', 'Elche Ilicitano', 'UE Llagostera', 'UE Llagostera', 'Elche CF', 'Elche CF', 'Elche CF', 'Elche CF', 'CA Osasuna', 'CA Osasuna', 'CA Osasuna', 'Real Betis Balompiu00E9', 'Real Betis Balompiu00E9', 'Real Betis Balompiu00E9', 'Real Betis Balompiu00E9', 'Levante UD', 'Levante UD', 'Levante UD', 'Levante UD', 'Levante UD', 'Real Valladolid CF', 'Real Valladolid CF'], 'market_value': ['Є100Th.', 'x2D', 'Є300Th.', 'Є300Th.', 'Є400Th.', 'Є500Th.', 'Є800Th.', 'Є1.50m', 'Є2.00m', 'Є3.00m', 'Є3.50m', 'Є5.00m', 'Є5.00m', 'Є3.00m', 'Є3.00m', 'Є3.00m', 'Є2.40m', 'Є2.00m', 'Є1.50m', 'Є1.20m', 'Є1.20m', 'Є1.20m'], 'age': ['24', '25', '25', '26', '26', '26', '27', '27', '27', '28', '28', '28', '29', '29', '30', '30', '31', '31', '31', '32', '32', '33'], 'date': ['Oct 8', 'Apr 17', 'Aug 13', 'Jan 8', 'Jul 1', 'Nov 20', 'Feb 22', 'Jul 15', 'Oct 27', 'Jan 24', 'Jun 5', 'Jan 1', 'May 30', 'Dec 21', 'Jun 11', 'Dec 20', 'Apr 8', 'Oct 8', 'Jan 5', 'Jun 10', 'Dec 27', 'Jun 29'], 'year': ['2013', '2014', '2014', '2015', '2015', '2015', '2016', '2016', '2016', '2017', '2017', '2018', '2018', '2018', '2019', '2019', '2020', '2020', '2021', '2021', '2021', '2022']}"
#21,Kieffer,Moore,9,27,Centre-Forward,,€5.00m,€5.00m,"May 25, 2021","Aug 8, 1992",Torquay,England,195,"Wales,England",right,AFC Bournemouth,"Jan 31, 2022","Jun 30, 2025",unknown,"{'season': ['21/22', '20/21', '19/20', '17/18', '17/18', '17/18', '16/17', '16/17', '16/17', '15/16', '15/16', '13/14', '12/13'], 'transfer_date': ['Jan 31, 2022', 'Aug 13, 2020', 'Aug 5, 2019', 'Jan 8, 2018', 'Jan 1, 2018', 'Jul 10, 2017', 'Jan 15, 2017', 'Dec 8, 2016', 'Nov 17, 2016', 'Jan 18, 2016', 'Aug 3, 2015', 'Jul 10, 2013', 'Feb 11, 2013'], 'leaving_club': ['Cardiff', 'Wigan', 'Barnsley FC', 'Ipswich', 'Rotherham', 'Ipswich', 'Forest Green', 'Torquay', 'Forest Green', 'Viking FK', 'Yeovil Town', 'Dorchester', 'Truro City FC'], 'joining_club': ['Bournemouth', 'Cardiff', 'Wigan', 'Barnsley FC', 'Ipswich', 'Rotherham', 'Ipswich', 'Forest Green', 'Torquay', 'Forest Green', 'Viking FK', 'Yeovil Town', 'Dorchester'], 'market_value': ['€5.00m', '€2.00m', '€750Th.', '€200Th.', '€200Th.', '€100Th.', '€100Th.', '€100Th.', '€100Th.', '€100Th.', '€100Th.', '-', '-'], 'fee': ['€4.20m', '€2.20m', '€2.70m', '€850Th.', 'End of loan', 'loan transfer', '€12Th.', 'End of loan', 'loan transfer', 'free transfer', 'free transfer', '?', 'free transfer']}","{'club': ['Yeovil Town', 'Yeovil Town', 'Viking FK', 'Ipswich Town', 'Rotherham United', 'Barnsley FC', 'Wigan Athletic', 'Wigan Athletic', 'Wigan Athletic', 'Cardiff City', 'Cardiff City', 'Cardiff City', 'Cardiff City', 'Cardiff City', 'AFC Bournemouth'], 'market_value': ['Є100Th.', 'Є100Th.', 'Є100Th.', 'Є100Th.', 'Є200Th.', 'Є750Th.', 'Є2.00m', 'Є2.50m', 'Є2.00m', 'Є2.20m', 'Є2.80m', 'Є4.00m', 'Є5.00m', 'Є5.00m', 'Є5.00m'], 'age': ['22', '22', '23', '24', '25', '25', '27', '27', '27', '28', '28', '28', '28', '29', '29'], 'date': ['Oct 8', 'Feb 27', 'Dec 27', 'Feb 27', 'Oct 24', 'Feb 27', 'Oct 17', 'Feb 27', 'Apr 8', 'Oct 15', 'Dec 22', 'Mar 10', 'May 25', 'Nov 24', 'May 13'], 'year': ['2014', '2015', '2015', '2017', '2017', '2018', '2019', '2020', '2020', '2020', '2020', '2021', '2021', '2021', '2022']}"
#30,,Carlos Vinícius,0,0,Centre-Forward,,€6.00m,€20.00m,"Dec 30, 2019","Mar 25, 1995",Rio de Janeiro,Brazil,190,Brazil,left,Fulham FC,"Sep 1, 2022","Jun 30, 2025",unknown,"{'season': ['22/23', '22/23', '21/22', '20/21', '20/21', '19/20', '18/19', '18/19', '18/19', '18/19', '18/19', '17/18', '16/17', '15/16', '14/15'], 'transfer_date': ['Sep 1, 2022', 'Aug 31, 2022', 'Aug 31, 2021', 'Jun 30, 2021', 'Oct 2, 2020', 'Jul 20, 2019', 'Jun 30, 2019', 'Jan 30, 2019', 'Jan 29, 2019', 'Aug 24, 2018', 'Jul 16, 2018', 'Jul 1, 2017', 'Jan 2, 2017', 'Jan 4, 2016', 'Jul 7, 2014'], 'leaving_club': ['Benfica', 'PSV Eindhoven', 'Benfica', 'Spurs', 'Benfica', 'SSC Napoli', 'Monaco', 'SSC Napoli', 'Rio Ave FC', 'SSC Napoli', 'Real SC', 'Anápolis-GO', 'AA Caldense', 'Palmeiras U20', 'Santos FC U20'], 'joining_club': ['Fulham', 'Benfica', 'PSV Eindhoven', 'Benfica', 'Spurs', 'Benfica', 'SSC Napoli', 'Monaco', 'SSC Napoli', 'Rio Ave FC', 'SSC Napoli', 'Real SC', 'Anápolis-GO', 'AA Caldense', 'Palmeiras U20'], 'market_value': ['€8.00m', '€8.00m', '€18.00m', '€18.00m', '€20.00m', '€7.00m', '€7.00m', '€5.00m', '€5.00m', '€700Th.', '€700Th.', '-', '-', '-', '-'], 'fee': ['€5.00m', 'End of loan', 'Loan fee:', '', 'End of loan', 'Loan fee:', '', '€17.00m', 'End of loan', 'loan transfer', 'End of loan', 'loan transfer', '€4.00m', 'free transfer', '?', '?', '?']}","{'club': ['Real SC', 'Real SC', 'Real SC', 'Rio Ave FC', 'Rio Ave FC', 'AS Monaco', 'SL Benfica', 'SL Benfica', 'SL Benfica', 'SL Benfica', 'Tottenham Hotspur', 'Tottenham Hotspur', 'Tottenham Hotspur', 'PSV Eindhoven', 'PSV Eindhoven', 'PSV Eindhoven', 'PSV Eindhoven', 'Fulham FC'], 'market_value': ['Є300Th.', 'Є600Th.', 'Є700Th.', 'Є3.00m', 'Є5.00m', 'Є7.00m', 'Є15.00m', 'Є20.00m', 'Є16.00m', 'Є20.00m', 'Є20.00m', 'Є20.00m', 'Є18.00m', 'Є15.00m', 'Є12.00m', 'Є9.50m', 'Є8.00m', 'Є6.00m'], 'age': ['22', '22', '23', '23', '23', '24', '24', '24', '25', '25', '25', '25', '26', '26', '26', '26', '27', '27'], 'date': ['Sep 8', 'Feb 23', 'Jun 29', 'Nov 1', 'Jan 11', 'Jun 3', 'Oct 11', 'Dec 30', 'Apr 8', 'Aug 17', 'Oct 13', 'Mar 18', 'Jun 8', 'Oct 4', 'Jan 5', 'Mar 17', 'Jun 8', 'Sep 15'], 'year': ['2017', '2018', '2018', '2018', '2019', '2019', '2019', '2019', '2020', '2020', '2020', '2021', '2021', '2021', '2022', '2022', '2022', '2022']}"
#7,Jonah,Ayunga,0,0,Centre-Forward,,€250Th.,€250Th.,"Sep 6, 2022","May 24, 1997",Beaminster,England,185,"Kenya,England",right,St. Mirren FC,"Jul 1, 2022","May 31, 2024",unknown,"{'season': ['22/23', '21/22', '20/21', '19/20', '18/19', '18/19', '18/19', '17/18', '17/18', '17/18', '17/18', '17/18', '16/17', '16/17', '16/17', '15/16'], 'transfer_date': ['Jul 1, 2022', 'Jul 26, 2021', 'Jul 29, 2020', 'Jul 1, 2019', 'Dec 21, 2018', 'Nov 22, 2018', 'Jul 12, 2018', 'May 31, 2018', 'Jan 31, 2018', 'Aug 31, 2017', 'Jul 31, 2017', 'Jul 28, 2017', 'Jan 23, 2017', 'Nov 24, 2016', 'Oct 24, 2016', 'Feb 1, 2016'], 'leaving_club': ['Morecambe FC', 'Bristol Rovers', 'Havant & Water.', 'Sutton Utd', 'Havant & Water.', 'Sutton Utd', 'Brighton U23', 'Poole', 'Brighton U23', 'Galway United', 'Brighton U23', 'Sligo Rovers', 'Brighton U23', 'Burgess Hill', 'Brighton U23', 'Dorchester'], 'joining_club': ['St. Mirren', 'Morecambe FC', 'Bristol Rovers', 'Havant & Water.', 'Sutton Utd', 'Havant & Water.', 'Sutton Utd', 'Brighton U23', 'Poole', 'Brighton U23', 'Galway United', 'Brighton U23', 'Sligo Rovers', 'Brighton U23', 'Burgess Hill', 'Brighton U21'], 'market_value': ['-', '-', '-', '-', '-', '-', '-', '-', '-', '-', '-', '-', '-', '-', '-', '-'], 'fee': ['?', '?', '?', 'free transfer', 'End of loan', 'loan transfer', 'free transfer', 'End of loan', 'loan transfer', 'End of loan', 'loan transfer', 'End of loan', 'loan transfer', 'End of loan', 'loan transfer', '€66Th.']}","{'club': ['St. Mirren FC'], 'market_value': ['Є250Th.'], 'age': ['25'], 'date': ['Sep 6'], 'year': ['2022']}"
#19,Levan,Kutalia,0,4,Centre-Forward,,€150Th.,€400Th.,"Jan 4, 2020","Jul 19, 1989",Zugdidi,UdSSR,184,Georgia,both,Sekzia Ness Ziona,"Jul 1, 2021","Jun 30, 2023",unknown,"{'season': ['21/22', '20/21', '20/21', '19/20', '18/19', '17/18', '16/17', '15/16', '15/16', '14/15', '13/14', '12/13', '11/12', '11/12', '10/11', '09/10', '08/09'], 'transfer_date': ['Jul 1, 2021', 'Jan 19, 2021', 'Aug 1, 2020', 'Jan 1, 2020', 'Jan 1, 2019', 'Jul 1, 2017', 'Jul 10, 2016', 'Jan 10, 2016', 'Aug 11, 2015', 'Jan 1, 2015', 'Feb 28, 2014', 'Jan 8, 2013', 'Jan 1, 2012', 'Oct 1, 2011', 'Jan 1, 2011', 'Apr 1, 2010', 'Jan 1, 2009'], 'leaving_club': ['H. Umm al-Fahm', 'Hapoel Tel Aviv', 'Irtysh', 'Dinamo Tbilisi', 'Torpedo Kutaisi', 'Shukura', 'FC Odishi', 'Merani Martvili', 'FK Zugdidi', 'Shukura', 'FC Zestafoni', 'FK Zugdidi', 'Without Club', 'Zrinjski Mostar', 'Without Club', 'Slavija S.', 'Zugdidi'], 'joining_club': ['Ness Ziona', 'H. Umm al-Fahm', 'Hapoel Tel Aviv', 'Irtysh', 'Dinamo Tbilisi', 'Torpedo Kutaisi', 'Shukura', 'FC Odishi', 'Merani Martvili', 'FK Zugdidi', 'Shukura', 'FC Zestafoni', 'Baia Zugdidi', 'Without Club', 'Zrinjski Mostar', 'Without Club', 'Slavija S.'], 'market_value': ['€175Th.', '€250Th.', '€325Th.', '€300Th.', '€250Th.', '€175Th.', '€175Th.', '€175Th.', '€175Th.', '€250Th.', '€250Th.', '€200Th.', '€250Th.', '€250Th.', '€250Th.', '€250Th.', '-'], 'fee': ['free transfer', 'free transfer', 'free transfer', '?', 'free transfer', '?', 'free transfer', 'free transfer', 'free transfer', '?', 'free transfer', 'free transfer', '-', '-', '-', '-', '?']}","{'club': ['FK Slavija Sarajevo', 'FK Slavija Sarajevo', 'HSK Zrinjski Mostar', 'Baia Zugdidi', 'FK Zugdidi', 'FC Zestafoni', 'FC Zestafoni', 'FK Zugdidi', 'FK Zugdidi', 'Shukura Kobuleti', 'Shukura Kobuleti', 'Shukura Kobuleti', 'Torpedo Kutaisi', 'Torpedo Kutaisi', 'Torpedo Kutaisi', 'Torpedo Kutaisi', 'Dinamo Tbilisi', 'Dinamo Tbilisi', 'Dinamo Tbilisi', 'Irtysh Pavlodar', 'Irtysh Pavlodar', 'Hapoel Tel Aviv', 'Hapoel Umm alx2DFahm', 'Sekzia Ness Ziona', 'Sekzia Ness Ziona'], 'market_value': ['Є300Th.', 'Є250Th.', 'Є250Th.', 'Є200Th.', 'Є200Th.', 'Є250Th.', 'Є250Th.', 'Є200Th.', 'Є175Th.', 'Є125Th.', 'Є150Th.', 'Є175Th.', 'Є175Th.', 'Є250Th.', 'Є300Th.', 'Є250Th.', 'Є250Th.', 'Є300Th.', 'Є300Th.', 'Є400Th.', 'Є325Th.', 'Є250Th.', 'Є175Th.', 'Є125Th.', 'Є150Th.'], 'age': ['20', '20', '22', '22', '22', '23', '24', '25', '26', '27', '27', '27', '28', '28', '28', '29', '29', '29', '30', '30', '30', '31', '31', '32', '32'], 'date': ['Oct 21', 'Mar 1', 'Sep 14', 'Jan 20', 'Jul 12', 'Jan 13', 'Jul 30', 'Mar 15', 'Jul 26', 'Jul 24', 'Dec 7', 'Apr 5', 'Aug 1', 'Dec 8', 'Apr 9', 'Aug 29', 'Jan 5', 'May 5', 'Sep 5', 'Jan 4', 'Apr 8', 'Dec 26', 'May 29', 'Dec 31', 'Jun 4'], 'year': ['2009', '2010', '2011', '2012', '2012', '2013', '2013', '2015', '2015', '2016', '2016', '2017', '2017', '2017', '2018', '2018', '2019', '2019', '2019', '2020', '2020', '2020', '2021', '2021', '2022']}"
#77,Almog,Buzaglo,0,2,Right Winger,,€200Th.,€400Th.,"Apr 4, 2016","Dec 8, 1992",Karmi’el,Israel,181,Israel,right,Sekzia Ness Ziona,"Jul 1, 2022",-,unknown,"{'season': ['22/23', '20/21', '18/19', '15/16', '13/14', '12/13', '12/13', '10/11'], 'transfer_date': ['Jul 1, 2022', 'Jan 19, 2021', 'Aug 8, 2018', 'Aug 1, 2015', 'Jul 22, 2013', 'Jun 30, 2013', 'Dec 31, 2012', 'Jul 1, 2010'], 'leaving_club': ['Bnei Yehuda', 'Hapoel Haifa', 'Bnei Yehuda', 'H. Ramat Gan', 'Maccabi Amishav', 'Kabilio Jaffa', 'Maccabi Amishav', 'Hapoel PT U19'], 'joining_club': ['Ness Ziona', 'Bnei Yehuda', 'Hapoel Haifa', 'Bnei Yehuda', 'H. Ramat Gan', 'Maccabi Amishav', 'Kabilio Jaffa', 'Maccabi Amishav'], 'market_value': ['€200Th.', '€250Th.', '€400Th.', '€50Th.', '€50Th.', '€50Th.', '€50Th.', '€50Th.'], 'fee': ['free transfer', 'free transfer', '€30Th.', '?', '?', 'End of loan', 'loan transfer', 'free transfer']}","{'club': ['Bnei Yehuda Tel Aviv', 'Hapoel Haifa', 'Hapoel Haifa', 'Hapoel Haifa', 'Hapoel Haifa', 'Hapoel Haifa', 'Bnei Yehuda Tel Aviv', 'Bnei Yehuda Tel Aviv', 'Bnei Yehuda Tel Aviv'], 'market_value': ['Є400Th.', 'Є400Th.', 'Є300Th.', 'Є300Th.', 'Є300Th.', 'Є250Th.', 'Є200Th.', 'Є200Th.', 'Є200Th.'], 'age': ['23', '25', '26', '27', '27', '28', '28', '29', '29'], 'date': ['Apr 4', 'Nov 8', 'Jun 28', 'Dec 28', 'Jul 7', 'Dec 26', 'May 29', 'Dec 31', 'Jun 4'], 'year': ['2016', '2018', '2019', '2019', '2020', '2020', '2021', '2021', '2022']}"
#10,Ange-Freddy,Plumain,0,4,Left Winger,,€350Th.,€1.00m,"Jun 28, 2019","Mar 2, 1995",Paris,France,184,"Guadeloupe,France",right,Sekzia Ness Ziona,"Jul 3, 2022","Jun 30, 2023",unknown,"{'season': ['22/23', '21/22', '21/22', '21/22', '21/22', '20/21', '20/21', '20/21', '18/19', '18/19', '17/18', '16/17', '15/16', '15/16', '13/14', '12/13'], 'transfer_date': ['Jul 3, 2022', 'Jun 30, 2022', 'Mar 10, 2022', 'Jan 25, 2022', 'Sep 8, 2021', 'Jun 30, 2021', 'Jan 9, 2021', 'Aug 19, 2020', 'Jan 8, 2019', 'Jul 12, 2018', 'Jul 1, 2017', 'Jul 7, 2016', 'Jun 30, 2016', 'Aug 31, 2015', 'Jul 25, 2013', 'Mar 11, 2013'], 'leaving_club': ['Rukh Lviv', 'Hapoel Tel Aviv', 'Rukh Lviv', 'Without Club', 'Samsunspor', 'KVC Westerlo', 'Samsunspor', 'B. Jerusalem', 'Hapoel Hadera', 'Quevilly Rouen', 'CS Sedan', 'Fulham', 'Red Star FC', 'Fulham', 'Lens', 'RC Lens U19'], 'joining_club': ['Ness Ziona', 'Rukh Lviv', 'Hapoel Tel Aviv', 'Rukh Lviv', 'Without Club', 'Samsunspor', 'KVC Westerlo', 'Samsunspor', 'B. Jerusalem', 'Hapoel Hadera', 'Quevilly Rouen', 'CS Sedan', 'Fulham', 'Red Star FC', 'Fulham', 'Lens'], 'market_value': ['€350Th.', '€350Th.', '€400Th.', '€400Th.', '€500Th.', '€500Th.', '€400Th.', '€600Th.', '€300Th.', '€300Th.', '€400Th.', '€500Th.', '€500Th.', '€500Th.', '€500Th.', '-'], 'fee': ['free transfer', 'End of loan', 'loan transfer', '-', '-', 'End of loan', 'loan transfer', '€210Th.', '€450Th.', 'free transfer', 'free transfer', 'free transfer', 'End of loan', 'loan transfer', 'free transfer', '-']}","{'club': ['RC Lens', 'RC Lens', 'Red Star FC', 'Fulham FC', 'CS Sedanx2DArdennes', 'Quevilly Rouen Mu00E9tropole', 'Hapoel Hadera', 'Beitar Jerusalem', 'Beitar Jerusalem', 'Beitar Jerusalem', 'Beitar Jerusalem', 'Samsunspor', 'KVC Westerlo', 'Without Club', 'Hapoel Tel Aviv'], 'market_value': ['Є500Th.', 'Є500Th.', 'Є500Th.', 'Є500Th.', 'Є400Th.', 'Є300Th.', 'Є300Th.', 'Є1.00m', 'Є800Th.', 'Є650Th.', 'Є600Th.', 'Є400Th.', 'Є500Th.', 'Є400Th.', 'Є350Th.'], 'age': ['18', '18', '20', '21', '21', '23', '23', '24', '24', '25', '25', '25', '25', '26', '27'], 'date': ['Mar 12', 'May 30', 'Feb 4', 'Jul 1', 'Feb 20', 'May 16', 'Nov 8', 'Jun 28', 'Dec 28', 'Apr 8', 'Jul 7', 'Dec 30', 'Feb 23', 'Oct 28', 'Jun 4'], 'year': ['2013', '2013', '2016', '2016', '2017', '2018', '2018', '2019', '2019', '2020', '2020', '2020', '2021', '2021', '2022']}"
#27,Yoan,Stoyanov,0,2,Right Midfield,,€300Th.,€300Th.,"Jun 4, 2022","May 22, 2001",Plovdiv,Bulgaria,178,"Bulgaria,Israel",right,Sekzia Ness Ziona,"Sep 21, 2022","Jun 30, 2023",unknown,"{'season': ['22/23', '22/23', '22/23', '20/21'], 'transfer_date': ['Jun 30, 2023', 'Sep 21, 2022', 'Jul 1, 2022', 'Nov 5, 2020'], 'leaving_club': ['Ness Ziona', 'H. Beer Sheva', 'H. Kfar Saba', 'Hapoel Herzliya'], 'joining_club': ['H. Beer Sheva', 'Ness Ziona', 'H. Beer Sheva', 'H. Kfar Saba'], 'market_value': ['€300Th.', '€300Th.', '€300Th.', '-'], 'fee': ['End of loan', 'loan transfer', '€180Th.', 'free transfer']}","{'club': ['Hapoel Kfar Saba', 'Hapoel Kfar Saba', 'Hapoel Kfar Saba'], 'market_value': ['Є100Th.', 'Є250Th.', 'Є300Th.'], 'age': ['20', '20', '21'], 'date': ['May 29', 'Dec 31', 'Jun 4'], 'year': ['2021', '2021', '2022']}"
#17,Usman,Mohammed,1,9,Central Midfield,,€250Th.,€400Th.,"Dec 11, 2020","Mar 2, 1994",Kaduna,Nigeria,183,Nigeria,right,Sekzia Ness Ziona,"Jul 14, 2022",-,unknown,"{'season': ['22/23', '20/21', '19/20', '19/20', '18/19', '17/18', '17/18', '16/17', '12/13'], 'transfer_date': ['Jul 14, 2022', 'Jan 19, 2021', 'Jan 29, 2020', 'Jul 1, 2019', 'Feb 21, 2019', 'Jan 12, 2018', 'Jul 4, 2017', 'Jul 1, 2016', 'Jan 1, 2013'], 'leaving_club': ['Hapoel Hadera', 'Shakhter K.', 'Tambov', 'Pyunik Yerevan', 'Sarpsborg 08', 'Without Club', 'União Madeira', 'FC Taraba', 'Ranchers Bee'], 'joining_club': ['Ness Ziona', 'Hapoel Hadera', 'Shakhter K.', 'Tambov', 'Pyunik Yerevan', 'Sarpsborg 08', 'Without Club', 'União Madeira', 'FC Taraba'], 'market_value': ['€250Th.', '€400Th.', '€100Th.', '€150Th.', '€100Th.', '€25Th.', '€25Th.', '-', '-'], 'fee': ['free transfer', 'free transfer', 'free transfer', 'free transfer', 'free transfer', '-', '-', '?', '?']}","{'club': ['CF Uniu00E3o Madeira', 'CF Uniu00E3o Madeira', 'Sarpsborg 08 FF', 'Sarpsborg 08 FF', 'FC Pyunik Yerevan', 'FC Pyunik Yerevan', 'FK Tambov', 'Shakhter Karaganda', 'Shakhter Karaganda', 'Hapoel Hadera', 'Hapoel Hadera', 'Hapoel Hadera'], 'market_value': ['Є25Th.', 'Є25Th.', 'Є100Th.', 'Є100Th.', 'Є125Th.', 'Є150Th.', 'Є100Th.', 'Є250Th.', 'Є400Th.', 'Є300Th.', 'Є250Th.', 'Є250Th.'], 'age': ['22', '23', '24', '24', '25', '25', '25', '26', '26', '27', '27', '28'], 'date': ['Sep 30', 'Jun 30', 'Sep 10', 'Dec 30', 'Mar 17', 'Jun 7', 'Dec 23', 'Sep 15', 'Dec 11', 'May 29', 'Dec 31', 'Jun 4'], 'year': ['2016', '2017', '2018', '2018', '2019', '2019', '2019', '2020', '2020', '2021', '2021', '2022']}"
#99,Aboubakar,Keita,0,5,Defensive Midfield,,€300Th.,€650Th.,"Mar 30, 2020","Nov 5, 1997",Abidjan,Cote d'Ivoire,184,Cote d'Ivoire,right,Sekzia Ness Ziona,"Jul 19, 2022",-,unknown,"{'season': ['22/23', '22/23', '21/22', '21/22', '21/22', '19/20', '18/19', '18/19', '18/19', '18/19', '17/18', '16/17', '15/16', '15/16'], 'transfer_date': ['Jun 30, 2023', 'Jul 19, 2022', 'Jun 30, 2022', 'Aug 31, 2021', 'Jul 1, 2021', 'Jul 1, 2019', 'Jun 30, 2019', 'Jan 31, 2019', 'Jan 30, 2019', 'Aug 13, 2018', 'Dec 31, 2017', 'Mar 21, 2017', 'Jan 11, 2016', 'Nov 6, 2015'], 'leaving_club': ['Ness Ziona', 'RSC Charleroi', 'RWDM', 'RSC Charleroi', 'OH Leuven', 'FC Copenhagen', 'OH Leuven', 'FC Copenhagen', 'Stabæk Fotball', 'FC Copenhagen', 'Halmstads BK', 'FC Copenhagen', 'Copenhagen U19', 'Unknown'], 'joining_club': ['RSC Charleroi', 'Ness Ziona', 'RSC Charleroi', 'RWDM', 'RSC Charleroi', 'OH Leuven', 'FC Copenhagen', 'OH Leuven', 'FC Copenhagen', 'Stabæk Fotball', 'FC Copenhagen', 'Halmstads BK', 'FC Copenhagen', 'Copenhagen U19'], 'market_value': ['€300Th.', '€300Th.', '€300Th.', '€250Th.', '€250Th.', '€400Th.', '€400Th.', '€400Th.', '€400Th.', '€400Th.', '€400Th.', '€200Th.', '-', '-'], 'fee': ['End of loan', 'loan transfer', 'End of loan', 'loan transfer', '?', '?', 'End of loan', 'loan transfer', 'End of loan', 'loan transfer', 'End of loan', 'loan transfer', '-', '?']}","{'club': ['FC Copenhagen', 'FC Copenhagen', 'FC Copenhagen', 'Halmstads BK', 'Halmstads BK', 'Halmstads BK', 'FC Copenhagen', 'Stabu00E6k Fotball', 'Oudx2DHeverlee Leuven', 'Oudx2DHeverlee Leuven', 'Oudx2DHeverlee Leuven', 'Oudx2DHeverlee Leuven', 'Oudx2DHeverlee Leuven', 'Oudx2DHeverlee Leuven', 'Oudx2DHeverlee Leuven', 'RWD Molenbeek', 'RWD Molenbeek', 'RWD Molenbeek'], 'market_value': ['Є50Th.', 'Є100Th.', 'Є200Th.', 'Є200Th.', 'Є300Th.', 'Є400Th.', 'Є400Th.', 'Є400Th.', 'Є400Th.', 'Є500Th.', 'Є650Th.', 'Є525Th.', 'Є500Th.', 'Є350Th.', 'Є250Th.', 'Є250Th.', 'Є250Th.', 'Є300Th.'], 'age': ['18', '18', '19', '19', '20', '20', '20', '21', '21', '22', '22', '22', '22', '23', '23', '23', '24', '24'], 'date': ['Jan 21', 'Aug 12', 'Dec 12', 'Jun 20', 'Nov 17', 'Dec 18', 'Jun 2', 'Dec 30', 'Jun 10', 'Nov 13', 'Mar 30', 'Apr 8', 'Oct 16', 'Mar 17', 'Jun 7', 'Oct 13', 'Jan 13', 'May 26'], 'year': ['2016', '2016', '2016', '2017', '2017', '2017', '2018', '2018', '2019', '2019', '2020', '2020', '2020', '2021', '2021', '2021', '2022', '2022']}"
#28,Uri,Magbo,0,0,Left-Back,,€150Th.,€250Th.,"Apr 4, 2016","Sep 12, 1987",Jaffa,Israel,173,Israel,left,Sekzia Ness Ziona,"Jul 1, 2022",-,unknown,"{'season': ['22/23', '21/22', '19/20', '18/19', '16/17', '15/16', '14/15', '13/14', '12/13', '11/12', '11/12', '10/11', '08/09'], 'transfer_date': ['Jul 1, 2022', 'Aug 29, 2021', 'Sep 16, 2019', 'Jul 1, 2018', 'Jan 19, 2017', 'Jul 1, 2015', 'Jul 1, 2014', 'Sep 22, 2013', 'Jul 1, 2012', 'Jun 30, 2012', 'Jan 1, 2012', 'Jul 1, 2010', 'Feb 1, 2009'], 'leaving_club': ['H. Kfar Saba', 'B. Jerusalem', 'Kiryat Shmona', 'M. Petah Tikva', 'B. Jerusalem', 'Beitar TA Ramla', 'H. Ashkelon', 'Hakoah Amidar', 'FC Ashdod', 'H. Ashkelon', 'FC Ashdod', 'H Rishon leZion', 'SC Bnei Jaffa'], 'joining_club': ['Ness Ziona', 'H. Kfar Saba', 'B. Jerusalem', 'Kiryat Shmona', 'M. Petah Tikva', 'B. Jerusalem', 'Beitar TA Ramla', 'H. Ashkelon', 'Hakoah Amidar', 'FC Ashdod', 'H. Ashkelon', 'FC Ashdod', 'H Rishon leZion'], 'market_value': ['€150Th.', '€200Th.', '€200Th.', '€250Th.', '€250Th.', '€100Th.', '€100Th.', '€100Th.', '€100Th.', '€100Th.', '€100Th.', '-', '-'], 'fee': ['free transfer', 'free transfer', 'free transfer', 'free transfer', '?', '?', 'free transfer', 'free transfer', '?', 'End of loan', 'loan transfer', '?', '?']}","{'club': ['FC Ashdod', 'Beitar Jerusalem', 'Ironi Kiryat Shmona', 'Ironi Kiryat Shmona', 'Beitar Jerusalem', 'Beitar Jerusalem', 'Beitar Jerusalem', 'Beitar Jerusalem', 'Hapoel Kfar Saba', 'Hapoel Kfar Saba'], 'market_value': ['Є100Th.', 'Є250Th.', 'Є250Th.', 'Є200Th.', 'Є200Th.', 'Є200Th.', 'Є200Th.', 'Є200Th.', 'Є150Th.', 'Є150Th.'], 'age': ['23', '28', '31', '31', '32', '32', '33', '33', '34', '34'], 'date': ['Jan 1', 'Apr 4', 'Nov 8', 'Jun 28', 'Dec 28', 'Jul 7', 'Dec 26', 'May 29', 'Dec 31', 'Jun 4'], 'year': ['2011', '2016', '2018', '2019', '2019', '2020', '2020', '2021', '2021', '2022']}"
#5,Omri,Ben Harush,0,27,Left-Back,,€150Th.,€800Th.,"Sep 11, 2018","Mar 7, 1990",Netanya,Israel,185,Israel,left,Sekzia Ness Ziona,"Aug 21, 2022",-,unknown,"{'season': ['22/23', '21/22', '20/21', '18/19', '17/18', '13/14', '09/10'], 'transfer_date': ['Aug 21, 2022', 'Jul 1, 2021', 'Oct 8, 2020', 'Aug 6, 2018', 'Jul 1, 2017', 'Jul 1, 2013', 'Jul 1, 2009'], 'leaving_club': ['Bnei Sakhnin', 'FC Ashdod', 'KSC Lokeren', 'Maccabi Haifa', 'M. Tel Aviv', 'Maccabi Netanya', 'M. Netanya U19'], 'joining_club': ['Ness Ziona', 'Bnei Sakhnin', 'FC Ashdod', 'KSC Lokeren', 'Maccabi Haifa', 'M. Tel Aviv', 'Maccabi Netanya'], 'market_value': ['€150Th.', '€300Th.', '€300Th.', '€750Th.', '€750Th.', '€300Th.', '-'], 'fee': ['free transfer', 'free transfer', 'free transfer', 'free transfer', 'free transfer', '€400Th.', '-']}","{'club': ['Maccabi Netanya', 'Maccabi Netanya', 'Maccabi Netanya', 'Maccabi Netanya', 'Maccabi Tel Aviv', 'Maccabi Tel Aviv', 'Maccabi Tel Aviv', 'KSC Lokeren x28x2D 2020x29', 'KSC Lokeren x28x2D 2020x29', 'KSC Lokeren x28x2D 2020x29', 'KSC Lokeren x28x2D 2020x29', 'KSC Lokeren x28x2D 2020x29', 'KSC Lokeren x28x2D 2020x29', 'KSC Lokeren x28x2D 2020x29', 'FC Ashdod', 'FC Ashdod', 'Ihud Bnei Sakhnin', 'Ihud Bnei Sakhnin'], 'market_value': ['Є100Th.', 'Є200Th.', 'Є150Th.', 'Є300Th.', 'Є500Th.', 'Є750Th.', 'Є750Th.', 'Є800Th.', 'Є800Th.', 'Є700Th.', 'Є650Th.', 'Є500Th.', 'Є350Th.', 'Є300Th.', 'Є300Th.', 'Є300Th.', 'Є200Th.', 'Є150Th.'], 'age': ['19', '20', '20', '22', '23', '24', '26', '28', '28', '28', '29', '29', '30', '30', '30', '31', '31', '32'], 'date': ['Feb 9', 'Oct 18', 'Jan 1', 'Mar 16', 'Aug 28', 'Mar 4', 'Apr 4', 'Sep 11', 'Dec 27', 'Mar 4', 'Jun 10', 'Nov 13', 'Mar 30', 'Apr 8', 'Dec 26', 'May 29', 'Dec 31', 'Jun 4'], 'year': ['2010', '2010', '2011', '2012', '2013', '2015', '2016', '2018', '2018', '2019', '2019', '2019', '2020', '2020', '2020', '2021', '2021', '2022']}"
#18,Anthony,Schmid,0,2,Centre-Forward,,€450Th.,€450Th.,"May 25, 2022","Jan 18, 1999",Straßburg,France,183,"Austria,France",right,SC Austria Lustenau,"Jul 1, 2022","Jun 30, 2024",unknown,"{'season': ['22/23', '20/21', '20/21', '18/19', '16/17', '14/15', '13/14'], 'transfer_date': ['Jul 1, 2022', 'Aug 25, 2020', 'Jul 1, 2020', 'Jul 1, 2018', 'Jul 1, 2016', 'Jul 1, 2014', 'Jul 1, 2013'], 'leaving_club': ['FAC', 'SV Oberachern', 'SC Freiburg II', 'SC Freiburg U19', 'SC Freiburg U17', 'Freiburg Yth.', 'Offenburg Yth.'], 'joining_club': ['A. Lustenau', 'FAC', 'SV Oberachern', 'SC Freiburg II', 'SC Freiburg U19', 'SC Freiburg U17', 'Freiburg Yth.'], 'market_value': ['€450Th.', '-', '-', '-', '-', '-', '-'], 'fee': ['free transfer', '?', 'free transfer', '-', '-', '-', 'free transfer']}","{'club': ['SC Freiburg II', 'SC Freiburg II', 'SC Freiburg II', 'SC Freiburg II', 'SV Oberachern', 'Floridsdorfer AC', 'Floridsdorfer AC', 'Floridsdorfer AC', 'Floridsdorfer AC', 'Floridsdorfer AC'], 'market_value': ['Є50Th.', 'Є25Th.', 'Є50Th.', 'Є50Th.', 'x2D', 'Є75Th.', 'Є175Th.', 'Є175Th.', 'Є300Th.', 'Є450Th.'], 'age': ['19', '20', '20', '21', '21', '21', '21', '22', '22', '23'], 'date': ['Aug 6', 'Feb 11', 'Aug 12', 'Feb 6', 'Jul 1', 'Aug 26', 'Dec 19', 'May 26', 'Dec 1', 'May 25'], 'year': ['2018', '2019', '2019', '2020', '2020', '2020', '2020', '2021', '2021', '2022']}"
#10,Bryan,Teixeira,0,2,Left Winger,,€700Th.,€700Th.,"Sep 20, 2022","Sep 1, 2000",Melun,France,173,"Cape Verde,France",right,SC Austria Lustenau,"Jul 1, 2022","Jun 30, 2024",unknown,"{'season': ['22/23', '21/22', '21/22', '20/21', '20/21', '19/20', '19/20', '19/20', '18/19'], 'transfer_date': ['Jul 1, 2022', 'Jun 30, 2022', 'Aug 31, 2021', 'Jun 30, 2021', 'Jul 1, 2020', 'Jun 30, 2020', 'Feb 1, 2020', 'Jul 1, 2019', 'Jul 1, 2018'], 'leaving_club': ['Clermont Foot', 'A. Lustenau', 'Clermont Foot', 'US Orléans', 'Clermont Foot', 'Concarneau', 'Clermont Foot', 'Clermont B', 'Clermont U19'], 'joining_club': ['A. Lustenau', 'Clermont Foot', 'A. Lustenau', 'Clermont Foot', 'US Orléans', 'Clermont Foot', 'Concarneau', 'Clermont Foot', 'Clermont B'], 'market_value': ['€300Th.', '€300Th.', '€300Th.', '€300Th.', '€200Th.', '€200Th.', '€200Th.', '€150Th.', '-'], 'fee': ['free transfer', 'End of loan', 'loan transfer', 'End of loan', 'loan transfer', 'End of loan', 'loan transfer', '-', '-']}","{'club': ['Clermont Foot 63 B', 'Clermont Foot 63', 'US Orlu00E9ans', 'US Orlu00E9ans', 'US Orlu00E9ans', 'SC Austria Lustenau', 'SC Austria Lustenau', 'SC Austria Lustenau'], 'market_value': ['Є150Th.', 'Є200Th.', 'Є250Th.', 'Є250Th.', 'Є300Th.', 'Є300Th.', 'Є300Th.', 'Є700Th.'], 'age': ['18', '19', '19', '20', '20', '21', '21', '22'], 'date': ['Jun 27', 'Jan 6', 'Aug 14', 'Nov 11', 'Jun 25', 'Dec 1', 'May 25', 'Sep 20'], 'year': ['2019', '2020', '2020', '2020', '2021', '2021', '2022', '2022']}"
#70,Stefano,Surdanovic,0,0,Attacking Midfield,,€600Th.,€600Th.,"Sep 20, 2022","Nov 23, 1998",Wels,Austria,183,Serbia,right,SC Austria Lustenau,"Jul 7, 2022","Jun 30, 2024",unknown,"{'season': ['22/23', '21/22', '19/20', '17/18', '15/16', '13/14', '13/14', '12/13', '11/12'], 'transfer_date': ['Jul 7, 2022', 'Feb 3, 2022', 'Jul 1, 2019', 'Jul 1, 2017', 'Jan 1, 2016', 'Jan 1, 2014', 'Jul 1, 2013', 'Jun 19, 2013', 'Aug 1, 2011'], 'leaving_club': ['Admira Wacker', 'Blau Weiss Linz', 'SV Ried', 'SV Ried II', 'AKA SV Ried U18', 'AKA SV Ried U16', 'Hertha Wels Jgd', 'FC Wels Youth', 'Hertha Wels Jgd'], 'joining_club': ['A. Lustenau', 'Admira Wacker', 'Blau Weiss Linz', 'SV Ried', 'Neuhofen/SVR II', 'AKA SV Ried U18', 'AKA SV Ried U16', 'Hertha Wels Jgd', 'FC Wels Youth'], 'market_value': ['€450Th.', '€400Th.', '€175Th.', '-', '-', '-', '-', '-', '-'], 'fee': ['free transfer', '?', '?', '-', '-', '-', '?', '?', '?']}","{'club': ['SV Ried', 'SV Ried', 'SV Ried', 'SV Ried', 'SV Ried', 'FC Blaux2DWeiss Linz', 'FC Blaux2DWeiss Linz', 'FC Blaux2DWeiss Linz', 'FC Blaux2DWeiss Linz', 'FC Blaux2DWeiss Linz', 'FC Admira Wacker Mu00F6dling', 'SC Austria Lustenau'], 'market_value': ['Є50Th.', 'Є175Th.', 'Є150Th.', 'Є175Th.', 'Є175Th.', 'Є200Th.', 'Є200Th.', 'Є300Th.', 'Є400Th.', 'Є400Th.', 'Є450Th.', 'Є600Th.'], 'age': ['18', '19', '19', '20', '20', '21', '21', '22', '22', '23', '23', '23'], 'date': ['Jul 2', 'Dec 13', 'Jun 13', 'Dec 1', 'Jun 1', 'Dec 3', 'Jul 31', 'Dec 19', 'May 26', 'Dec 1', 'May 27', 'Sep 20'], 'year': ['2017', '2017', '2018', '2018', '2019', '2019', '2020', '2020', '2021', '2021', '2022', '2022']}"
#14,Henri,Koudossou,0,0,Right Midfield,,€200Th.,€200Th.,"Jun 27, 2022","Sep 3, 1999",München,Germany,180,Germany,both,SC Austria Lustenau,"Aug 31, 2022","Jun 30, 2023",unknown,"{'season': ['22/23', '22/23', '22/23', '20/21', '18/19', '17/18'], 'transfer_date': ['Jun 30, 2023', 'Aug 31, 2022', 'Jul 1, 2022', 'Aug 29, 2020', 'Jul 1, 2018', 'Jul 1, 2017'], 'leaving_club': ['A. Lustenau', 'FC Augsburg', 'FC Augsburg II', 'SV Pullach', 'Memmingen U19', 'Ismaning U19'], 'joining_club': ['FC Augsburg', 'A. Lustenau', 'FC Augsburg', 'FC Augsburg II', 'SV Pullach', 'Memmingen U19'], 'market_value': ['€200Th.', '€200Th.', '€200Th.', '-', '-', '-'], 'fee': ['End of loan', 'loan transfer', '-', '?', 'free transfer', 'free transfer']}","{'club': ['FC Augsburg II', 'FC Augsburg II', 'FC Augsburg II'], 'market_value': ['Є75Th.', 'Є100Th.', 'Є200Th.'], 'age': ['21', '22', '22'], 'date': ['Jan 11', 'Dec 15', 'Jun 27'], 'year': ['2021', '2021', '2022']}"
#8,Cem,Türkmen,0,1,Central Midfield,,€400Th.,€400Th.,"Feb 10, 2021","Mar 29, 2002",Köln,Germany,178,"Turkey,Germany",right,SC Austria Lustenau,"Jul 10, 2021","Jun 30, 2023","Jul 14, 2022","{'season': ['22/23', '21/22', '21/22', '20/21', '19/20', '17/18'], 'transfer_date': ['Jun 30, 2023', 'Jul 10, 2021', 'Jul 9, 2021', 'Sep 19, 2020', 'Jul 1, 2019', 'Jul 1, 2017'], 'leaving_club': ['A. Lustenau', 'Clermont Foot', 'Bay. Leverkusen', 'Leverkusen U19', 'Leverkusen U17', 'Leverkusen Yth.'], 'joining_club': ['Clermont Foot', 'A. Lustenau', 'Clermont Foot', 'Bay. Leverkusen', 'Leverkusen U19', 'Leverkusen U17'], 'market_value': ['€400Th.', '€400Th.', '€400Th.', '-', '-', '-'], 'fee': ['End of loan', 'loan transfer', 'free transfer', '-', '-', '-']}","{'club': ['Bayer 04 Leverkusen', 'Bayer 04 Leverkusen', 'SC Austria Lustenau', 'SC Austria Lustenau', 'SC Austria Lustenau'], 'market_value': ['Є400Th.', 'Є400Th.', 'Є250Th.', 'Є250Th.', 'Є400Th.'], 'age': ['18', '19', '19', '20', '20'], 'date': ['Feb 10', 'Jun 9', 'Dec 1', 'May 25', 'Sep 20'], 'year': ['2021', '2021', '2021', '2022', '2022']}"
#16,Torben,Rhein,1,7,Central Midfield,,€600Th.,€2.00m,"Mar 26, 2021","Jan 12, 2003",Berlin,Germany,173,Germany,both,SC Austria Lustenau,"Jul 1, 2022","Jun 30, 2023",unknown,"{'season': ['22/23', '22/23', '20/21', '19/20', '18/19', '17/18'], 'transfer_date': ['Jun 30, 2023', 'Jul 1, 2022', 'Jan 1, 2021', 'Jul 1, 2019', 'Jul 1, 2018', 'Jul 1, 2017'], 'leaving_club': ['A. Lustenau', 'FC Bayern II', 'FC Bayern U19', 'FC Bayern U17', 'FC Bayern U16', 'Hertha BSC Yth.'], 'joining_club': ['FC Bayern II', 'A. Lustenau', 'FC Bayern II', 'FC Bayern U19', 'FC Bayern U17', 'FC Bayern U16'], 'market_value': ['€600Th.', '€1.00m', '-', '-', '-', '-'], 'fee': ['End of loan', 'loan transfer', '-', '-', '-', '?']}","{'club': ['FC Bayern Munich II', 'FC Bayern Munich II', 'FC Bayern Munich II', 'FC Bayern Munich II', 'SC Austria Lustenau'], 'market_value': ['Є2.00m', 'Є2.00m', 'Є1.20m', 'Є1.00m', 'Є600Th.'], 'age': ['18', '18', '18', '19', '19'], 'date': ['Mar 26', 'Jun 14', 'Dec 15', 'Jun 27', 'Sep 20'], 'year': ['2021', '2021', '2021', '2022', '2022']}"
#35,,Adriel,0,0,Defensive Midfield,,€200Th.,€200Th.,"May 25, 2022","May 22, 1997",São Paulo,Brazil,184,Brazil,right,SC Austria Lustenau,"Aug 11, 2021","Jun 30, 2023","Jul 27, 2022","{'season': ['21/22', '20/21', '20/21', '19/20', '18/19', '17/18', '16/17'], 'transfer_date': ['Aug 11, 2021', 'Feb 23, 2021', 'Oct 6, 2020', 'Feb 1, 2020', 'Jan 23, 2019', 'Jan 1, 2018', 'Jan 1, 2017'], 'leaving_club': ['Paysandu SC', 'Corinthians B', 'Without Club', 'Gainare Tottori', 'Audax-RJ', 'Audax-RJ U20', 'Osasco FC U20'], 'joining_club': ['A. Lustenau', 'Paysandu SC', 'Corinthians B', 'Without Club', 'Gainare Tottori', 'Audax-RJ', 'Audax-RJ U20'], 'market_value': ['-', '-', '-', '-', '-', '-', '-'], 'fee': ['?', 'free transfer', '-', '-', '?', '-', '?']}","{'club': ['SC Austria Lustenau', 'SC Austria Lustenau', 'SC Austria Lustenau'], 'market_value': ['Є75Th.', 'Є150Th.', 'Є200Th.'], 'age': ['24', '24', '25'], 'date': ['Aug 12', 'Dec 1', 'May 25'], 'year': ['2021', '2021', '2022']}"
#7,Fabian,Gmeiner,0,2,Right-Back,,€300Th.,€300Th.,"May 25, 2022","Jan 27, 1997",Dornbirn,Austria,177,Austria,both,SC Austria Lustenau,"Aug 5, 2020","Jun 30, 2024","May 10, 2022","{'season': ['20/21', '19/20', '17/18', '16/17', '14/15', '12/13', '10/11', '10/11', '09/10'], 'transfer_date': ['Aug 5, 2020', 'Jul 5, 2019', 'Jul 1, 2017', 'Aug 31, 2016', 'Jul 1, 2014', 'Jul 1, 2012', 'Jan 1, 2011', 'Jul 1, 2010', 'Jan 1, 2010'], 'leaving_club': ['SF Lotte', 'Hamburger SV II', 'NEC Nijmegen', 'Stuttgart U19', 'Stuttgart U17', 'Stuttgart Yth.', ""F'hafen. Yth."", 'Vorarlberg U15', 'Dornb. SV Yth.'], 'joining_club': ['A. Lustenau', 'SF Lotte', 'Hamburger SV II', 'NEC Nijmegen', 'Stuttgart U19', 'Stuttgart U17', 'Stuttgart Yth.', ""F'hafen. Yth."", 'Vorarlberg U15'], 'market_value': ['€100Th.', '€75Th.', '€75Th.', '€100Th.', '-', '-', '-', '-', '-'], 'fee': ['free transfer', 'free transfer', 'free transfer', 'free transfer', '-', '-', 'free transfer', 'free transfer', 'free transfer']}","{'club': ['NEC Nijmegen', 'NEC Nijmegen', 'NEC Nijmegen', 'Hamburger SV II', 'Hamburger SV II', 'Hamburger SV II', 'Hamburger SV II', 'Sportfreunde Lotte', 'Sportfreunde Lotte', 'Sportfreunde Lotte', 'SC Austria Lustenau', 'SC Austria Lustenau', 'SC Austria Lustenau', 'SC Austria Lustenau'], 'market_value': ['Є100Th.', 'Є100Th.', 'Є75Th.', 'Є75Th.', 'Є75Th.', 'Є75Th.', 'Є75Th.', 'Є75Th.', 'Є100Th.', 'Є100Th.', 'Є200Th.', 'Є200Th.', 'Є250Th.', 'Є300Th.'], 'age': ['19', '19', '20', '20', '21', '21', '22', '22', '22', '23', '23', '24', '24', '25'], 'date': ['Aug 31', 'Jan 18', 'Jun 7', 'Aug 2', 'Feb 9', 'Aug 8', 'Feb 24', 'Jul 15', 'Jan 21', 'Jun 22', 'Dec 19', 'May 26', 'Dec 1', 'May 25'], 'year': ['2016', '2017', '2017', '2017', '2018', '2018', '2019', '2019', '2020', '2020', '2020', '2021', '2021', '2022']}"
#28,,Anderson,0,0,Right-Back,,€600Th.,€600Th.,"Sep 20, 2022","Jan 3, 1998",São Paulo,Brazil,184,Brazil,right,SC Austria Lustenau,"Jan 14, 2022","Jun 30, 2024","Jun 14, 2022","{'season': ['21/22', '21/22', '21/22', '19/20', '18/19', '18/19', '18/19'], 'transfer_date': ['Jan 14, 2022', 'Jan 13, 2022', 'Aug 31, 2021', 'Jul 1, 2019', 'Jun 30, 2019', 'Jan 24, 2019', 'Jan 17, 2019'], 'leaving_club': ['SCR Altach', 'FC Dornbirn', 'SCR Altach', 'GO Audax', 'SCR Altach', 'GO Audax', 'Osasco FC'], 'joining_club': ['A. Lustenau', 'SCR Altach', 'FC Dornbirn', 'SCR Altach', 'GO Audax', 'SCR Altach', 'GO Audax'], 'market_value': ['€200Th.', '€200Th.', '€350Th.', '€250Th.', '€250Th.', '-', '-'], 'fee': ['free transfer', 'End of loan', 'loan transfer', '?', 'End of loan', 'loan transfer', '?']}","{'club': ['SCR Altach', 'SCR Altach', 'SCR Altach', 'SCR Altach', 'SCR Altach', 'SCR Altach', 'SCR Altach', 'SCR Altach', 'FC Dornbirn', 'SC Austria Lustenau', 'SC Austria Lustenau'], 'market_value': ['Є100Th.', 'Є250Th.', 'Є350Th.', 'Є350Th.', 'Є325Th.', 'Є400Th.', 'Є400Th.', 'Є350Th.', 'Є200Th.', 'Є300Th.', 'Є600Th.'], 'age': ['21', '21', '21', '21', '22', '22', '22', '23', '23', '24', '24'], 'date': ['Jan 25', 'Jun 3', 'Sep 3', 'Dec 16', 'Apr 8', 'Jul 22', 'Dec 21', 'Jun 2', 'Dec 1', 'May 25', 'Sep 20'], 'year': ['2019', '2019', '2019', '2019', '2020', '2020', '2020', '2021', '2021', '2022', '2022']}"
#12,Hakim,Guenouche,0,12,Left-Back,,€400Th.,€400Th.,"May 25, 2022","May 30, 2000",Nancy,France,172,"France,Algeria",left,SC Austria Lustenau,"Jul 14, 2021","Jun 30, 2023",unknown,"{'season': ['21/22', '20/21', '19/20', '18/19'], 'transfer_date': ['Jul 14, 2021', 'Jul 15, 2020', 'Jul 3, 2019', 'Jul 1, 2018'], 'leaving_club': ['Without Club', 'KFC Uerdingen', 'FC Zürich', 'AS Nancy U19'], 'joining_club': ['A. Lustenau', 'Without Club', 'KFC Uerdingen', 'FC Zürich'], 'market_value': ['€200Th.', '€200Th.', '€300Th.', '-'], 'fee': ['-', '-', '?', '?']}","{'club': ['FC Zu00FCrich', 'FC Zu00FCrich', 'FC Zu00FCrich', 'FC Zu00FCrich', 'KFC Uerdingen 05', 'KFC Uerdingen 05', 'Without Club', 'SC Austria Lustenau', 'SC Austria Lustenau'], 'market_value': ['Є100Th.', 'Є100Th.', 'Є100Th.', 'Є300Th.', 'Є250Th.', 'Є225Th.', 'Є200Th.', 'Є275Th.', 'Є400Th.'], 'age': ['18', '18', '18', '19', '19', '19', '20', '21', '21'], 'date': ['Jul 12', 'Jan 21', 'Apr 15', 'Jun 4', 'Sep 23', 'Dec 11', 'Jul 15', 'Dec 1', 'May 25'], 'year': ['2018', '2019', '2019', '2019', '2019', '2019', '2020', '2021', '2022']}"
#6,Darijo,Grujcic,0,0,Centre-Back,,€250Th.,€300Th.,"May 26, 2021","May 19, 1999",Lustenau,Austria,188,Austria,left,SC Austria Lustenau,"Jul 1, 2022","Jun 30, 2024",unknown,"{'season': ['22/23', '21/22', '20/21', '17/18', '16/17', '15/16', '14/15', '13/14'], 'transfer_date': ['Jul 1, 2022', 'Apr 27, 2022', 'Aug 1, 2020', 'Jan 1, 2018', 'Jan 31, 2017', 'Jul 1, 2015', 'Jul 1, 2014', 'Jul 1, 2013'], 'leaving_club': ['Without Club', 'FC Wacker', 'A. Lustenau', 'FC Dornbirn', 'Vorarlberg U18', 'Vorarlberg U16', 'Vorarlberg U15', 'FCL Yth.'], 'joining_club': ['A. Lustenau', 'Without Club', 'FC Wacker', 'A. Lustenau', 'FC Dornbirn', 'Vorarlberg U18', 'Vorarlberg U16', 'Vorarlberg U15'], 'market_value': ['€250Th.', '€250Th.', '€250Th.', '-', '-', '-', '-', '-'], 'fee': ['-', '-', 'free transfer', '?', '?', '-', '-', '?']}","{'club': ['SC Austria Lustenau', 'SC Austria Lustenau', 'SC Austria Lustenau', 'SC Austria Lustenau', 'SC Austria Lustenau', 'SC Austria Lustenau', 'FC Wacker Innsbruck', 'FC Wacker Innsbruck', 'FC Wacker Innsbruck', 'Without Club'], 'market_value': ['Є75Th.', 'Є100Th.', 'Є250Th.', 'Є250Th.', 'Є250Th.', 'Є250Th.', 'Є275Th.', 'Є300Th.', 'Є250Th.', 'Є250Th.'], 'age': ['18', '19', '19', '20', '20', '21', '21', '22', '22', '23'], 'date': ['Jan 2', 'Jun 13', 'Dec 1', 'Jun 1', 'Dec 3', 'Jul 31', 'Dec 19', 'May 26', 'Dec 1', 'May 25'], 'year': ['2018', '2018', '2018', '2019', '2019', '2020', '2020', '2021', '2021', '2022']}"
#31,Matthias,Maak,0,7,Centre-Back,,€300Th.,€400Th.,"Dec 19, 2018","May 12, 1992",Bruck an der Mur,Austria,191,Austria,right,SC Austria Lustenau,"Aug 27, 2020","Jun 30, 2024","Apr 17, 2022","{'season': ['20/21', '19/20', '17/18', '16/17', '15/16', '14/15', '13/14', '13/14', '10/11', '10/11', '10/11', '09/10', '08/09', '07/08', '06/07'], 'transfer_date': ['Aug 27, 2020', 'Jul 1, 2019', 'Jul 1, 2017', 'Jul 1, 2016', 'Jul 1, 2015', 'Jun 30, 2015', 'Jan 10, 2014', 'Jul 1, 2013', 'Jun 30, 2011', 'Aug 1, 2010', 'Jul 12, 2010', 'Jul 14, 2009', 'Jan 1, 2009', 'Jul 1, 2007', 'Jul 1, 2006'], 'leaving_club': ['SCR Altach', 'FC Wacker', 'SönderjyskE', 'Grödig', 'SV Kapfenberg', 'Grödig', 'SV Kapfenberg', 'Wiener Neustadt', 'SC Neusiedl/See', 'Wiener Neustadt', 'Wienerberg', 'AKA Austria U19', 'Austria U17', 'Austria U15', 'Krieglach Jgd'], 'joining_club': ['A. Lustenau', 'SCR Altach', 'FC Wacker', 'SönderjyskE', 'Grödig', 'SV Kapfenberg', 'Grödig', 'SV Kapfenberg', 'Wiener Neustadt', 'SC Neusiedl/See', 'Wiener Neustadt', 'Wienerberg', 'Austria U19', 'Austria U17', 'Austria U15'], 'market_value': ['€150Th.', '€350Th.', '€300Th.', '€350Th.', '€350Th.', '€350Th.', '€200Th.', '€250Th.', '€100Th.', '€50Th.', '€50Th.', '-', '-', '-', '-'], 'fee': ['free transfer', 'free transfer', 'free transfer', 'free transfer', '?', 'End of loan', 'loan transfer', 'free transfer', 'End of loan', 'loan transfer', 'free transfer', 'free transfer', '-', '-', '?']}","{'club': ['SV Wienerberg', 'SC Neusiedlx2FSee', 'SC Wiener Neustadt', 'SC Wiener Neustadt', 'SC Wiener Neustadt', 'SC Wiener Neustadt', 'SV Kapfenberg', 'SV Kapfenberg', 'SV Gru00F6dig', 'SV Gru00F6dig', 'SV Gru00F6dig', 'SV Gru00F6dig', 'SV Gru00F6dig', 'SV Gru00F6dig', 'Su00F6nderjyskE', 'Su00F6nderjyskE', 'Su00F6nderjyskE', 'FC Wacker Innsbruck', 'FC Wacker Innsbruck', 'FC Wacker Innsbruck', 'FC Wacker Innsbruck', 'SCR Altach', 'SCR Altach', 'SC Austria Lustenau', 'SC Austria Lustenau', 'SC Austria Lustenau', 'SC Austria Lustenau'], 'market_value': ['Є50Th.', 'Є100Th.', 'Є100Th.', 'Є250Th.', 'Є300Th.', 'Є250Th.', 'Є200Th.', 'Є200Th.', 'Є250Th.', 'Є300Th.', 'Є300Th.', 'Є350Th.', 'Є350Th.', 'Є350Th.', 'Є350Th.', 'Є350Th.', 'Є300Th.', 'Є300Th.', 'Є300Th.', 'Є400Th.', 'Є350Th.', 'Є200Th.', 'Є150Th.', 'Є200Th.', 'Є200Th.', 'Є250Th.', 'Є300Th.'], 'age': ['18', '19', '19', '20', '20', '21', '21', '21', '22', '22', '22', '23', '23', '24', '24', '24', '25', '25', '26', '26', '27', '27', '28', '28', '29', '29', '30'], 'date': ['Jul 7', 'Jun 22', 'Dec 30', 'May 30', 'Dec 19', 'Jun 4', 'Sep 26', 'Dec 27', 'Jun 20', 'Oct 21', 'Jan 11', 'Jun 17', 'Dec 29', 'Jun 1', 'Aug 12', 'Dec 12', 'Jun 21', 'Dec 13', 'Jun 13', 'Dec 19', 'Jun 3', 'Dec 16', 'Jul 22', 'Dec 19', 'May 26', 'Dec 1', 'May 25'], 'year': ['2010', '2011', '2011', '2012', '2012', '2013', '2013', '2013', '2014', '2014', '2015', '2015', '2015', '2016', '2016', '2016', '2017', '2017', '2018', '2018', '2019', '2019', '2020', '2020', '2021', '2021', '2022']}"
#5,Jean,Hugonet,0,0,Centre-Back,,€600Th.,€600Th.,"May 25, 2022","Nov 24, 1999",Paris,France,186,France,right,SC Austria Lustenau,"Jul 1, 2021","Jun 30, 2023",unknown,"{'season': ['21/22', '20/21', '19/20', '18/19'], 'transfer_date': ['Jul 1, 2021', 'Sep 28, 2020', 'Jul 1, 2019', 'Jul 1, 2018'], 'leaving_club': ['US Saint-Malo', 'Paris FC', 'Paris FC B', 'Paris FC U19'], 'joining_club': ['A. Lustenau', 'US Saint-Malo', 'Paris FC', 'Paris FC B'], 'market_value': ['€150Th.', '€150Th.', '-', '-'], 'fee': ['free transfer', 'free transfer', '-', '-']}","{'club': ['Paris FC', 'Paris FC', 'SC Austria Lustenau', 'SC Austria Lustenau'], 'market_value': ['Є150Th.', 'Є150Th.', 'Є450Th.', 'Є600Th.'], 'age': ['19', '20', '22', '22'], 'date': ['Sep 30', 'Jan 6', 'Dec 1', 'May 25'], 'year': ['2019', '2020', '2021', '2022']}"
#13,Ammar,Helac,0,2,Goalkeeper,,€250Th.,€300Th.,"Jul 31, 2020","Jun 13, 1998",Linz,Austria,190,Austria,right,SC Austria Lustenau,"Jul 21, 2022","Jun 30, 2023",unknown,"{'season': ['22/23', '20/21', '17/18', '15/16', '14/15', '13/14', '12/13'], 'transfer_date': ['Jul 21, 2022', 'Aug 1, 2020', 'Jul 1, 2017', 'Jan 1, 2016', 'Aug 1, 2014', 'Jul 1, 2013', 'Jul 1, 2012'], 'leaving_club': ['Austria Vienna', 'Blau Weiss Linz', 'Donau Linz', 'Donau Linz II', 'FAL U16', 'FAL U15', 'Donau Linz J.'], 'joining_club': ['A. Lustenau', 'Austria Vienna', 'Blau Weiss Linz', 'Donau Linz', 'Donau Linz II', 'FAL U16', 'FAL U15'], 'market_value': ['€250Th.', '€300Th.', '-', '-', '-', '-', '-'], 'fee': ['free transfer', '?', 'free transfer', '-', '?', '-', '?']}","{'club': ['FC Blaux2DWeiss Linz', 'FC Blaux2DWeiss Linz', 'FC Blaux2DWeiss Linz', 'FC Blaux2DWeiss Linz', 'FC Blaux2DWeiss Linz', 'FC Blaux2DWeiss Linz', 'FC Blaux2DWeiss Linz', 'Austria Vienna', 'Austria Vienna', 'Austria Vienna', 'Austria Vienna'], 'market_value': ['Є50Th.', 'Є75Th.', 'Є100Th.', 'Є200Th.', 'Є250Th.', 'Є250Th.', 'Є300Th.', 'Є200Th.', 'Є200Th.', 'Є250Th.', 'Є250Th.'], 'age': ['19', '19', '20', '20', '20', '21', '22', '22', '22', '23', '23'], 'date': ['Jul 2', 'Dec 13', 'Jun 13', 'Dec 1', 'Jun 1', 'Dec 3', 'Jul 31', 'Dec 21', 'Jun 2', 'Dec 16', 'May 27'], 'year': ['2017', '2017', '2018', '2018', '2019', '2019', '2020', '2020', '2021', '2021', '2022']}"
#10,Curtis,Main,0,0,Centre-Forward,,€350Th.,€400Th.,"Jan 3, 2019","Jun 20, 1992",South Shields,England,178,England,right,St. Mirren FC,"Jul 1, 2021","May 31, 2023","Jun 7, 2021","{'season': ['21/22', '20/21', '19/20', '17/18', '16/17', '15/16', '15/16', '14/15', '13/14', '13/14', '11/12', '08/09'], 'transfer_date': ['Jul 1, 2021', 'Feb 1, 2021', 'Jul 1, 2019', 'Jan 3, 2018', 'Jul 4, 2016', 'May 31, 2016', 'Feb 15, 2016', 'Jul 30, 2014', 'Oct 2, 2013', 'Aug 30, 2013', 'Jul 1, 2011', 'Feb 1, 2009'], 'leaving_club': ['Shrewsbury', 'Aberdeen FC', 'Motherwell FC', 'Portsmouth', 'Doncaster', 'Oldham Athletic', 'Doncaster', 'Middlesbrough', 'Shrewsbury', 'Middlesbrough', 'Darlington', 'Darlington U18'], 'joining_club': ['St. Mirren', 'Shrewsbury', 'Aberdeen FC', 'Motherwell FC', 'Portsmouth', 'Doncaster', 'Oldham Athletic', 'Doncaster', 'Middlesbrough', 'Shrewsbury', 'Middlesbrough', 'Darlington'], 'market_value': ['€400Th.', '€400Th.', '€400Th.', '€175Th.', '€250Th.', '€250Th.', '€250Th.', '€300Th.', '€300Th.', '€300Th.', '€75Th.', '-'], 'fee': ['free transfer', '?', 'free transfer', 'free transfer', '?', 'End of loan', 'loan transfer', '?', 'End of loan', 'loan transfer', 'free transfer', '-']}","{'club': ['Darlington FC x28x2D 2012x29', 'Darlington FC x28x2D 2012x29', 'Middlesbrough FC', 'Middlesbrough FC', 'Middlesbrough FC', 'Doncaster Rovers', 'Doncaster Rovers', 'Oldham Athletic', 'Portsmouth FC', 'Motherwell FC', 'Motherwell FC', 'Motherwell FC', 'Aberdeen FC', 'Aberdeen FC', 'Aberdeen FC', 'Aberdeen FC', 'St. Mirren FC', 'St. Mirren FC'], 'market_value': ['Є25Th.', 'Є75Th.', 'Є250Th.', 'Є300Th.', 'Є300Th.', 'Є300Th.', 'Є250Th.', 'Є250Th.', 'Є175Th.', 'Є175Th.', 'Є275Th.', 'Є400Th.', 'Є300Th.', 'Є300Th.', 'Є400Th.', 'Є400Th.', 'Є400Th.', 'Є350Th.'], 'age': ['17', '17', '20', '21', '21', '22', '23', '23', '24', '25', '26', '26', '27', '27', '28', '28', '29', '30'], 'date': ['Apr 8', 'Apr 13', 'Mar 2', 'Jul 12', 'Jan 8', 'Feb 27', 'Oct 16', 'May 30', 'Aug 5', 'Mar 4', 'Aug 8', 'Jan 3', 'Aug 20', 'Feb 5', 'Jul 21', 'Jan 18', 'Dec 31', 'Jun 27'], 'year': ['2010', '2010', '2013', '2013', '2014', '2015', '2015', '2016', '2016', '2018', '2018', '2019', '2019', '2020', '2020', '2021', '2021', '2022']}"
#9,Eamonn,Brophy,0,1,Centre-Forward,,€500Th.,€750Th.,"Aug 20, 2019","Mar 10, 1996",Cleland,Scotland,175,Scotland,right,St. Mirren FC,"Jul 1, 2021","May 31, 2023",unknown,"{'season': ['21/22', '20/21', '20/21', '17/18', '15/16', '15/16', '13/14', '13/14', '13/14', '11/12', '11/12'], 'transfer_date': ['Jul 1, 2021', 'May 16, 2021', 'Jan 8, 2021', 'Aug 18, 2017', 'Dec 5, 2015', 'Sep 9, 2015', 'May 4, 2014', 'Mar 6, 2014', 'Jul 1, 2013', 'Jan 1, 2012', 'Jul 1, 2011'], 'leaving_club': ['Kilmarnock FC', 'St. Mirren', 'Kilmarnock FC', 'Hamilton Acad.', 'Dumbarton', 'Hamilton Acad.', ""Queen's Park"", 'Hamilton Acad.', 'Hamilton A. U17', 'Hibernian FC U17', 'Celtic U17'], 'joining_club': ['St. Mirren', 'Kilmarnock FC', 'St. Mirren', 'Kilmarnock FC', 'Hamilton Acad.', 'Dumbarton', 'Hamilton Acad.', ""Queen's Park"", 'Hamilton Acad.', 'Hamilton A. U17', 'Hibernian FC U17'], 'market_value': ['€550Th.', '€600Th.', '€700Th.', '€225Th.', '€100Th.', '€25Th.', '€13Th.', '€13Th.', '-', '-', '-'], 'fee': ['free transfer', 'End of loan', 'loan transfer', 'free transfer', 'End of loan', 'loan transfer', 'End of loan', 'loan transfer', '-', '?', '?']}","{'club': ['Hamilton Academical FC', 'Hamilton Academical FC', 'Dumbarton FC', 'Hamilton Academical FC', 'Kilmarnock FC', 'Kilmarnock FC', 'Kilmarnock FC', 'Kilmarnock FC', 'Kilmarnock FC', 'Kilmarnock FC', 'Kilmarnock FC', 'St. Mirren FC', 'Kilmarnock FC', 'St. Mirren FC', 'St. Mirren FC'], 'market_value': ['Є13Th.', 'Є25Th.', 'Є100Th.', 'Є225Th.', 'Є250Th.', 'Є450Th.', 'Є500Th.', 'Є750Th.', 'Є650Th.', 'Є525Th.', 'Є700Th.', 'Є600Th.', 'Є550Th.', 'Є550Th.', 'Є500Th.'], 'age': ['17', '18', '19', '20', '21', '22', '22', '23', '23', '24', '24', '24', '25', '25', '26'], 'date': ['Oct 8', 'Oct 8', 'Nov 24', 'Feb 14', 'Mar 4', 'Aug 8', 'Jan 3', 'Aug 20', 'Feb 5', 'Apr 8', 'Jul 21', 'Jan 18', 'Jun 28', 'Dec 31', 'Jun 27'], 'year': ['2013', '2014', '2015', '2017', '2018', '2018', '2019', '2019', '2020', '2020', '2020', '2021', '2021', '2021', '2022']}"
#20,Toyosi,Olusanya,0,0,Left Winger,,€200Th.,€200Th.,"May 13, 2022","Oct 14, 1997",London,England,181,"England,Nigeria",right,St. Mirren FC,"Jul 1, 2022","May 31, 2024",unknown,"{'season': ['22/23', '21/22', '20/21', '19/20', '18/19', '17/18', '16/17', '16/17', '16/17'], 'transfer_date': ['Jul 1, 2022', 'Aug 20, 2021', 'Jul 1, 2020', 'Jul 1, 2019', 'Jul 1, 2018', 'Mar 23, 2018', 'Dec 11, 2016', 'Nov 11, 2016', 'Jul 1, 2016'], 'leaving_club': ['Middlesbrough', 'Billericay', 'Cheshunt', ""Bishop's St."", 'Gosport Borough', 'Wimbledon U21', 'Kingstonian FC', 'AFC Wimbledon', 'Wimbledon U18'], 'joining_club': ['St. Mirren', 'Middlesbrough', 'Billericay', 'Cheshunt', ""Bishop's St."", 'Gosport Borough', 'AFC Wimbledon', 'Kingstonian FC', 'AFC Wimbledon'], 'market_value': ['€200Th.', '-', '-', '-', '-', '-', '-', '-', '-'], 'fee': ['?', 'free transfer', 'free transfer', 'free transfer', 'free transfer', 'free transfer', 'End of loan', 'loan transfer', '-']}","{'club': ['Middlesbrough FC', 'Middlesbrough FC'], 'market_value': ['Є150Th.', 'Є200Th.'], 'age': ['24', '24'], 'date': ['Nov 24', 'May 13'], 'year': ['2021', '2022']}"
#11,Greg,Kiltie,3,8,Left Winger,,€400Th.,€500Th.,"Jan 18, 2021","Jan 18, 1997",Irvine,Scotland,173,Scotland,left,St. Mirren FC,"Jul 1, 2021","May 31, 2023",unknown,"{'season': ['21/22', '19/20', '19/20', '18/19', '18/19', '14/15', '14/15', '14/15', '13/14'], 'transfer_date': ['Jul 1, 2021', 'Jan 9, 2020', 'Sep 2, 2019', 'May 5, 2019', 'Jan 30, 2019', 'Nov 3, 2014', 'Oct 3, 2014', 'Jul 1, 2014', 'Jul 1, 2013'], 'leaving_club': ['Kilmarnock FC', 'Dunfermline A.', 'Kilmarnock FC', 'Morton', 'Kilmarnock FC', 'Queen o. t. S.', 'Kilmarnock FC', 'Kilmarnock FC U20', 'Kilmarnock FC U17'], 'joining_club': ['St. Mirren', 'Kilmarnock FC', 'Dunfermline A.', 'Kilmarnock FC', 'Morton', 'Kilmarnock FC', 'Queen o. t. S.', 'Kilmarnock FC', 'Kilmarnock FC U20'], 'market_value': ['€450Th.', '€375Th.', '€375Th.', '€300Th.', '€300Th.', '-', '-', '-', '-'], 'fee': ['free transfer', 'End of loan', 'loan transfer', 'End of loan', 'loan transfer', 'End of loan', 'loan transfer', '-', '-']}","{'club': ['Kilmarnock FC', 'Kilmarnock FC', 'Kilmarnock FC', 'Kilmarnock FC', 'Kilmarnock FC', 'Kilmarnock FC', 'Kilmarnock FC', 'Kilmarnock FC', 'Kilmarnock FC', 'Kilmarnock FC', 'Kilmarnock FC', 'Kilmarnock FC', 'St. Mirren FC', 'St. Mirren FC'], 'market_value': ['Є50Th.', 'Є250Th.', 'Є250Th.', 'Є250Th.', 'Є300Th.', 'Є300Th.', 'Є375Th.', 'Є375Th.', 'Є325Th.', 'Є400Th.', 'Є500Th.', 'Є450Th.', 'Є375Th.', 'Є400Th.'], 'age': ['17', '18', '20', '21', '21', '21', '22', '23', '23', '23', '24', '24', '24', '25'], 'date': ['Jan 10', 'Dec 7', 'Feb 14', 'Mar 4', 'Aug 8', 'Jan 3', 'Aug 20', 'Feb 5', 'Apr 8', 'Jul 21', 'Jan 18', 'Jun 28', 'Dec 31', 'Jun 27'], 'year': ['2015', '2015', '2017', '2018', '2018', '2019', '2019', '2020', '2020', '2020', '2021', '2021', '2021', '2022']}"
#8,Ryan,Flynn,0,3,Right Midfield,,€275Th.,€500Th.,"Mar 21, 2011","Sep 4, 1988",Edinburgh,Scotland,171,Scotland,right,St. Mirren FC,"Jan 15, 2018","May 31, 2023","May 17, 2022","{'season': ['17/18', '16/17', '11/12', '09/10', '08/09', '08/09', '07/08', '07/08', '07/08', '05/06'], 'transfer_date': ['Jan 15, 2018', 'Jul 13, 2016', 'Jul 1, 2011', 'Jul 1, 2009', 'May 1, 2009', 'Nov 1, 2008', 'May 1, 2008', 'Nov 1, 2007', 'Jul 1, 2007', 'Jul 1, 2005'], 'leaving_club': ['Oldham Athletic', 'Sheff Utd', 'Falkirk', 'Liverpool Res.', 'Wrexham', 'Liverpool Res.', 'Hereford Utd.', 'Liverpool Res.', 'Liverpool U18', 'Falkirk FC U17'], 'joining_club': ['St. Mirren', 'Oldham Athletic', 'Sheff Utd', 'Falkirk', 'Liverpool Res.', 'Wrexham', 'Liverpool Res.', 'Hereford Utd.', 'Liverpool Res.', 'Liverpool U18'], 'market_value': ['€350Th.', '€350Th.', '€500Th.', '€100Th.', '€100Th.', '€100Th.', '€100Th.', '€50Th.', '-', '-'], 'fee': ['free transfer', 'free transfer', '€170Th.', '€30Th.', 'End of loan', 'loan transfer', 'End of loan', 'loan transfer', '-', 'free transfer']}","{'club': ['Liverpool FC Reserves', 'Hereford United x28x2D 2014x29', 'Falkirk FC', 'Falkirk FC', 'Falkirk FC', 'Falkirk FC', 'Falkirk FC', 'Sheffield United', 'Sheffield United', 'St. Mirren FC', 'St. Mirren FC', 'St. Mirren FC', 'St. Mirren FC', 'St. Mirren FC', 'St. Mirren FC', 'St. Mirren FC', 'St. Mirren FC', 'St. Mirren FC', 'St. Mirren FC', 'St. Mirren FC'], 'market_value': ['Є50Th.', 'Є100Th.', 'Є300Th.', 'Є450Th.', 'Є475Th.', 'Є500Th.', 'Є500Th.', 'Є400Th.', 'Є350Th.', 'Є250Th.', 'Є250Th.', 'Є250Th.', 'Є325Th.', 'Є325Th.', 'Є300Th.', 'Є300Th.', 'Є300Th.', 'Є300Th.', 'Є300Th.', 'Є275Th.'], 'age': ['18', '19', '21', '21', '22', '22', '22', '26', '27', '29', '29', '30', '30', '31', '31', '31', '32', '32', '33', '33'], 'date': ['Sep 1', 'Feb 4', 'Oct 21', 'Feb 25', 'Oct 18', 'Mar 21', 'Jun 29', 'Feb 27', 'May 30', 'Jan 25', 'Aug 8', 'Jan 3', 'Aug 20', 'Feb 5', 'Apr 8', 'Jul 21', 'Jan 18', 'Jun 28', 'Dec 31', 'Jun 27'], 'year': ['2007', '2008', '2009', '2010', '2010', '2011', '2011', '2015', '2016', '2018', '2018', '2019', '2019', '2020', '2020', '2020', '2021', '2021', '2021', '2022']}"
